<?xml version="1.0" encoding="UTF-8"?>
<root>
	<Decider type="UWBIREDSync">
		<parameter name="sensitivity" type="double" value="0.5"/>
		<parameter name="syncThreshold" type="double" value="2"/> <!-- = 3dB -->
		<parameter name="syncAlwaysSucceeds" type="bool" value="false"/>
		<parameter name="syncMinDuration" type="double" value="31.3"/> <!-- default/2 = 63.6 / 2 -->
		<parameter name="trace"		type="bool" value="false"/>
		<parameter name="stats"         type="bool" value="true"/>
	</Decider>
</root>

