<!-- This is only a config template which shows the settings for these Deciders.
You have to define these settings in the config.xml of your PhyLayer.-->

<?xml version="1.0" encoding="UTF-8"?>
<root>
	<Decider type="SNRThresholdDecider">
		<!-- SNR threshold (as fraction) above which the decider consideres a
			 a signal as received correctly. -->
		<parameter name="snrThreshold" type="double" value="10"/>
		
		<!-- RSSI (noise and signal) threshold (in mW) above which the 
			 channel is considered idle. If this parameter is
			 ommited the sensitivity of the physical layer is
			 used as threshold.-->
		<parameter name="busyThreshold" type="double" value="1.99526231497E-9"/>
	</Decider>
	
	
	<Decider type="Decider80211">
		<!-- SNR threshold as fraction [NOT dB]-->
		<parameter name="threshold" type="double" value="0.12589254117942"/>
		
		<!-- The center frequency on which the phy listens-->
		<parameter name="centerFrequency" type="double" value="2.412e9"/>
	</Decider>
	
	
	<Decider type="Decider802154Narrow">
		<!--Length of Start Frame Delimiter (used to compute probability of successful 
			synchronization)-->
		<parameter name="sfdLength" type="long" value="32"/>
		
		<!--minimum possible bit error rate (BER floor)-->
		<parameter name="berLowerBound" type="double" value="1e-8"/>
		
		<!--modulation type-->
		<parameter name="modulation" type="string" value="msk"/>
	</Decider>
</root>